active_healthy_thr,auto_baseline,avg_active,avg_conf_gain,avg_mask_nz,avg_new,baseline_every_s,clahe_clip,clahe_tile_h,clahe_tile_w,dead_val,decay_pixel,decay_tile,delta_thresh,ewma_alpha,fps,frames,freeze_margin,global_min_edges,global_min_lap,grid_x,grid_y,healthy_deactivate,hot_val,init_min_score,limit_resolution,max_h,max_w,min_tile_area,ok,persist_mask_thr,persistence_hi,pixel_mask_decay,ratio_contr,ratio_edge,ratio_lap,score,seq_len,start_with_grid,trial,var_thresh,weather_on,yolo_conf,yolo_iou
0.24,1,3.3583333333333334,0.01661203092171086,12.058333333333334,0.025,240.0,2.5,-1,-1,12,0.97,0.94,15,0.2,0.8284770756681378,120,0.83,0.017,10.9,8,6,30,245,0.9,1,540,960,400,True,0.65,0.85,0.94,0.65,0.55,0.6,-0.1466689845391446,20,1,1,3.07,1,0.34,0.52
0.2,1,8.816666666666666,0.021721338068859446,0.0,0.25,240.0,-1.0,8,8,8,0.98,0.93,25,0.11,6.065324040142381,120,0.91,0.039,28.8,8,6,60,245,0.7,0,480,640,600,True,0.73,0.81,0.99,0.82,0.54,0.53,-0.17997266429890352,40,0,2,1.55,0,0.21,0.53
0.1,1,7.633333333333334,0.02716641364412175,53.025,0.13333333333333333,120.0,2.5,-1,8,10,0.94,0.93,30,0.13,6.104832491695371,120,0.78,0.084,30.8,8,6,20,238,-1.0,1,480,1280,256,True,0.56,0.82,0.996,0.71,0.63,0.51,-0.2877751265112725,40,0,3,2.56,0,0.35,0.52
0.19,0,6so lik.533333333333333,0.025923134581082394,93.38333333333334,0.008333333333333333,120.0,2.0,12,12,15,0.96,0.95,30,0.22,0.8360793021149484,120,0.9,0.089,16.6,8,6,30,245,0.7,0,800,1280,600,True,0.74,0.67,0.984,0.61,0.46,0.55,-0.3987550993761254,40,0,4,3.38,1,0.37,0.53
0.22,1,6.891666666666667,0.02134635036604272,83.19166666666666,0.10833333333333334,45.0,2.5,12,12,5,0.95,0.95,20,0.22,5.642389886083284,120,0.78,0.068,30.9,8,6,60,250,0.8,1,720,640,300,True,0.62,0.8,0.959,0.95,0.46,0.49,-0.30876849148364516,20,0,5,1.48,0,0.35,0.56
0.12,0,6.783333333333333,0.02394814545081721,52.35,0.08333333333333333,60.0,2.5,8,-1,15,0.97,0.96,25,0.22,6.184366276679758,120,0.77,0.046,24.4,8,6,60,250,-1.0,1,480,1280,256,True,0.66,0.74,0.976,0.82,0.62,0.61,-0.29620926060792474,30,1,6,1.89,0,0.31,0.54
0.16,1,2.9833333333333334,0.015645446255803105,17.941666666666666,0.15833333333333333,120.0,2.0,-1,-1,10,0.95,0.92,20,0.09,0.8027124124716468,120,0.83,0.096,35.7,8,6,20,245,0.95,0,800,1280,600,True,0.74,0.68,0.953,0.72,0.59,0.48,-0.0009522768720984685,20,0,7,3.15,1,0.23,0.56
0.15,0,0.2916666666666667,0.0004578731126255458,0.0,0.016666666666666666,60.0,2.5,8,-1,8,0.98,0.96,12,0.15,5.92955180900838,120,0.85,0.027,31.0,8,6,30,245,0.95,1,720,1280,256,True,0.54,0.82,0.961,0.81,0.61,0.49,0.0023122698896461047,40,1,8,2.92,0,0.35,0.53
0.23,0,1.7166666666666666,0.0074286380575762844,19.266666666666666,0.025,60.0,2.5,8,8,12,0.96,0.94,25,0.19,0.6940629921564087,120,0.82,0.084,23.6,8,6,60,238,0.95,0,480,960,600,True,0.66,0.63,0.992,0.68,0.51,0.52,-0.07638568097121183,20,1,9,2.67,1,0.36,0.59
0.1,0,2.6,0.008168871365487575,5.958333333333333,0.041666666666666664,240.0,2.5,-1,8,5,0.96,0.93,12,0.18,0.7491800743380215,120,0.9,0.096,14.2,8,6,60,240,0.95,1,720,800,256,True,0.65,0.8,0.948,0.64,0.52,0.51,-0.09020723098392286,30,1,10,1.35,1,0.4,0.57
0.15,1,5.008333333333334,0.021340926935275395,18.558333333333334,0.041666666666666664,120.0,2.0,12,-1,5,0.94,0.92,25,0.06,0.7725487355038405,120,0.84,0.017,21.7,8,6,20,238,0.95,1,800,1280,256,True,0.57,0.76,0.933,0.9,0.6,0.56,-0.21663786986569553,40,1,11,1.68,1,0.28,0.57
0.17,1,0.2916666666666667,0.002092281977335612,0.0,0.008333333333333333,240.0,-1.0,-1,-1,15,0.99,0.96,12,0.17,6.743103600381905,120,0.92,0.048,26.0,8,6,30,250,0.95,1,540,960,300,True,0.68,0.72,0.933,0.68,0.51,0.49,-0.005203859011332194,30,0,12,1.91,0,0.39,0.45
0.24,1,2.3666666666666667,0.018762633287244375,0.1,0.03333333333333333,240.0,2.5,12,-1,12,0.97,0.93,12,0.21,0.8145926446447076,120,0.88,0.059,10.7,8,6,50,250,0.95,1,800,1280,256,True,0.58,0.78,0.931,0.62,0.5,0.53,-0.07571868335637788,30,1,13,2.21,1,0.33,0.59
0.21,0,7.133333333333334,0.02874963764929109,86.075,0.05,120.0,-1.0,-1,-1,12,0.96,0.96,25,0.23,0.7717414008037894,120,0.77,0.069,20.1,8,6,60,250,-1.0,1,480,800,300,True,0.68,0.67,0.939,0.64,0.65,0.53,-0.378366847842021,40,0,14,1.2,1,0.3,0.56
0.22,0,5.533333333333333,0.029184457510709763,11.466666666666667,0.10833333333333334,120.0,2.5,12,8,8,0.97,0.91,25,0.09,0.7860325333538463,120,0.8,0.078,9.1,8,6,30,240,0.9,0,480,1280,400,True,0.5,0.84,0.959,0.6,0.47,0.57,-0.1652077712446451,40,0,15,2.22,1,0.25,0.54
0.22,0,0.5916666666666667,0.008164995188514391,24.066666666666666,0.025,240.0,-1.0,12,-1,8,0.94,0.96,25,0.05,0.8217378270718853,120,0.84,0.112,28.9,8,6,50,250,0.95,1,720,800,400,True,0.68,0.82,0.967,0.76,0.61,0.49,-0.024567502405742812,20,1,16,1.86,1,0.27,0.54
0.19,0,6.366666666666666,0.02554004785915216,8.05,0.11666666666666667,60.0,2.0,-1,8,5,0.97,0.91,15,0.16,0.808835628439764,120,0.9,0.065,29.1,8,6,30,240,0.9,0,480,1280,400,True,0.65,0.8,0.965,0.69,0.6,0.47,-0.19694664273709053,30,0,17,2.66,1,0.26,0.55
0.09,1,2.2,0.012313466090708972,0.10833333333333334,0.05,120.0,2.0,-1,12,8,0.97,0.98,30,0.06,5.8905147969322345,120,0.77,0.042,28.4,8,6,20,240,0.7,1,720,960,256,True,0.73,0.66,0.96,0.73,0.54,0.62,-0.05395160028797884,30,1,18,1.75,0,0.23,0.46
0.16,0,8.141666666666667,0.032586955194553686,17.5,0.175,45.0,2.0,8,-1,10,0.98,0.93,20,0.24,0.7939354504480325,120,0.78,0.01,38.5,8,6,60,245,0.8,0,540,640,256,True,0.63,0.73,0.981,0.75,0.52,0.54,-0.23328985573605657,20,0,19,2.22,1,0.21,0.49
0.17,0,7.8,0.025903581486394007,0.0,0.225,45.0,2.5,-1,12,5,0.98,0.89,20,0.1,5.292709871052862,120,0.88,0.07,30.9,8,6,60,240,0.95,1,540,640,400,True,0.71,0.8,0.948,0.73,0.54,0.64,-0.1520482092568031,40,1,20,1.94,0,0.21,0.5
0.19,1,5.608333333333333,0.027113800185422098,0.0,0.016666666666666666,240.0,-1.0,-1,8,5,0.99,0.91,20,0.09,0.8346904680111439,120,0.86,0.088,29.6,8,6,20,245,0.95,1,720,640,400,True,0.73,0.75,0.979,0.73,0.55,0.6,-0.2501930999072886,40,1,21,3.23,1,0.33,0.56
0.11,0,8.491666666666667,0.024507203198496308,1.8916666666666666,0.26666666666666666,240.0,2.5,12,8,15,0.96,0.91,30,0.19,6.571301958032415,120,0.82,0.077,14.9,8,6,30,250,-1.0,0,540,1280,256,True,0.59,0.88,0.961,0.75,0.5,0.56,-0.1475547317340853,30,0,22,1.26,0,0.19,0.46
0.12,0,0.49166666666666664,0.0037759969631830843,0.0,0.025,45.0,2.5,-1,-1,8,0.96,0.96,20,0.06,7.295437830721786,120,0.88,0.075,32.5,8,6,50,250,0.95,1,720,1280,300,True,0.61,0.79,0.943,0.79,0.58,0.63,0.0023046651482582048,30,0,23,3.48,1,0.35,0.46
0.22,0,9.025,0.02901213557355934,0.09166666666666666,0.15833333333333333,60.0,2.5,-1,8,8,0.98,0.93,30,0.1,6.606221131870478,120,0.86,0.046,20.1,8,6,60,240,0.8,0,540,960,300,True,0.57,0.74,0.95,0.91,0.64,0.51,-0.2785022655465536,30,1,24,2.43,0,0.28,0.56
0.11,0,7.566666666666666,0.019892407303882968,2.558333333333333,0.14166666666666666,120.0,2.5,8,-1,15,0.97,0.95,20,0.06,6.414504395461167,120,0.79,0.113,39.9,8,6,30,240,0.7,0,800,1280,400,True,0.61,0.79,0.938,0.65,0.6,0.58,-0.22927879634805873,20,0,25,2.75,0,0.32,0.56
0.21,1,7.666666666666667,0.023606306064046092,0.0,0.26666666666666666,120.0,-1.0,12,-1,5,0.97,0.94,15,0.08,5.832283593354705,120,0.75,0.069,24.4,8,6,30,240,-1.0,0,540,960,600,True,0.65,0.84,0.949,0.94,0.54,0.54,-0.10486351363464361,20,1,26,2.23,0,0.23,0.49
0.23,1,9.625,0.029066979007588485,51.325,0.2833333333333333,60.0,2.5,8,-1,12,0.96,0.92,15,0.21,5.137735860978502,120,0.87,0.097,17.6,8,6,20,240,-1.0,1,480,960,256,True,0.6,0.84,0.969,0.92,0.48,0.59,-0.23470817716287243,30,0,27,1.72,0,0.21,0.49
0.21,1,10.925,0.04620226022683911,0.0,0.11666666666666667,240.0,2.5,8,12,15,0.99,0.89,15,0.25,0.8155844044224533,120,0.87,0.056,17.4,8,6,20,250,-1.0,0,800,800,600,True,0.68,0.68,0.971,0.74,0.61,0.53,-0.40648220321991413,40,0,28,2.33,1,0.29,0.51
0.15,1,2.675,0.010184626633094414,0.0,0.041666666666666664,60.0,2.5,8,-1,10,0.99,0.95,15,0.13,7.152879616955871,120,0.81,0.105,27.1,8,6,50,238,0.9,1,480,640,300,True,0.59,0.63,0.993,0.94,0.51,0.51,-0.08699102001678612,40,0,29,2.49,0,0.4,0.55
0.2,0,6.391666666666667,0.015120921929677325,0.0,0.016666666666666666,45.0,-1.0,8,12,10,0.98,0.9,25,0.22,0.8345285827035407,120,0.76,0.012,16.7,8,6,50,238,0.95,0,540,1280,600,True,0.74,0.8,0.936,0.66,0.52,0.6,-0.2953562057018281,20,1,30,1.33,1,0.39,0.47
0.09,1,3.4583333333333335,0.027576643837586286,22.908333333333335,0.175,120.0,2.5,-1,12,10,0.95,0.94,20,0.13,0.7925385229410163,120,0.8,0.047,30.6,8,6,50,238,0.95,0,540,800,300,True,0.56,0.67,0.951,0.93,0.58,0.63,-0.007036678081206865,40,1,31,3.37,1,0.19,0.59
0.23,1,6.441666666666666,0.028206816754407348,14.675,0.14166666666666666,45.0,-1.0,8,12,15,0.97,0.92,15,0.18,5.81298492384217,120,0.83,0.049,27.5,8,6,50,240,0.9,0,800,1280,600,True,0.71,0.66,0.984,0.65,0.6,0.46,-0.1809882582894631,20,0,32,2.95,0,0.34,0.57
0.23,1,2.408333333333333,0.019046968043678333,76.85,0.041666666666666664,60.0,2.0,8,12,12,0.97,0.98,20,0.2,0.7541820060810462,120,0.87,0.086,14.8,8,6,50,245,-1.0,0,720,1280,256,True,0.62,0.69,0.935,0.83,0.58,0.45,-0.1460765159781609,20,1,33,3.26,1,0.25,0.56
0.13,0,11.825,0.05327064923114247,31.333333333333332,0.1,120.0,2.0,-1,12,12,0.97,0.88,20,0.12,5.418416138044795,120,0.85,0.023,15.0,8,6,50,240,0.8,0,540,640,300,True,0.6,0.65,0.986,0.73,0.56,0.6,-0.4959480087177621,40,1,34,3.37,0,0.31,0.54
0.14,1,0.0,0.0,0.0,0.0,60.0,-1.0,8,8,8,0.99,0.96,12,0.14,0.8386954903232057,120,0.78,0.07,25.3,8,6,50,250,0.95,1,540,1280,400,True,0.69,0.66,0.988,0.63,0.55,0.5,0.0,20,0,35,2.81,1,0.26,0.47
0.23,1,3.1083333333333334,0.009086679460273845,119.0,0.06666666666666667,60.0,2.5,12,12,12,0.94,0.95,15,0.16,0.7533136235344844,120,0.79,0.029,12.0,8,6,60,240,-1.0,0,480,800,256,True,0.54,0.87,0.985,0.65,0.54,0.52,-0.20320666026986312,40,0,36,3.39,1,0.34,0.59
0.2,1,6.341666666666667,0.015645757710768114,27.75,0.016666666666666666,120.0,2.5,8,8,5,0.95,0.93,12,0.13,0.786913612032957,120,0.85,0.069,17.5,8,6,60,238,0.9,1,480,1280,300,True,0.62,0.79,0.945,0.67,0.52,0.58,-0.32034378781128264,40,0,37,2.65,1,0.39,0.54
0.22,0,3.316666666666667,0.01661954903354247,0.0,0.058333333333333334,45.0,2.0,-1,12,12,0.99,0.97,12,0.18,6.212214774350137,120,0.77,0.11,18.3,8,6,60,238,0.7,1,480,640,600,True,0.55,0.75,0.96,0.75,0.65,0.5,-0.09919022548322869,30,1,38,2.3,0,0.34,0.48
0.21,1,11.341666666666667,0.026127555759416676,50.3,0.03333333333333333,45.0,2.5,-1,8,5,0.96,0.89,12,0.2,0.7819749747925033,120,0.77,0.071,20.8,8,6,60,238,0.8,1,720,960,600,True,0.58,0.77,0.964,0.86,0.46,0.61,-0.5709862221202919,30,0,39,1.7,1,0.33,0.5
0.25,1,8.741666666666667,0.02613995652645826,49.541666666666664,0.05,60.0,2.5,-1,-1,5,0.96,0.91,15,0.1,0.7340306495349085,120,0.9,0.031,31.4,8,6,20,245,0.8,1,480,640,400,True,0.53,0.73,0.965,0.82,0.48,0.47,-0.42355502173677073,30,1,40,1.24,1,0.32,0.51
0.22,1,6.275,0.02562922860185305,19.008333333333333,0.25,60.0,-1.0,12,8,12,0.95,0.93,15,0.13,5.616774834306941,120,0.79,0.087,15.4,8,6,20,240,0.9,0,480,960,400,True,0.74,0.88,0.989,0.89,0.48,0.58,-0.06994371903240681,30,0,41,1.82,0,0.22,0.55
0.22,0,3.4833333333333334,0.01666355642179648,0.0,0.09166666666666666,60.0,2.0,8,-1,8,0.97,0.92,12,0.12,0.7477433756915863,120,0.89,0.088,26.5,8,6,30,245,0.95,1,720,800,256,True,0.57,0.68,0.996,0.79,0.62,0.54,-0.0741682217891018,20,1,42,2.32,1,0.27,0.54
0.08,0,11.383333333333333,0.04435970387160383,113.04166666666667,0.26666666666666666,120.0,2.5,12,12,15,0.97,0.9,12,0.25,5.476073692547798,120,0.81,0.017,29.4,8,6,50,238,-1.0,0,540,800,600,True,0.73,0.8,0.974,0.8,0.47,0.61,-0.3933618147308647,30,1,43,3.08,0,0.19,0.55
0.11,1,4.666666666666667,0.015278377726614945,1.9083333333333334,0.15833333333333333,60.0,2.0,8,8,5,0.97,0.94,20,0.11,5.02003189456064,120,0.78,0.079,23.8,8,6,50,245,0.9,1,540,1280,300,True,0.64,0.85,0.958,0.9,0.65,0.55,-0.06926914447002591,30,0,44,3.17,0,0.19,0.55
0.12,1,11.3,0.03823111529151599,242.65833333333333,0.14166666666666666,120.0,2.0,8,-1,15,0.96,0.88,12,0.25,5.44720004794851,120,0.78,0.093,23.3,8,6,50,245,0.7,0,800,640,300,True,0.67,0.65,0.963,0.62,0.55,0.64,-0.6468761090209089,40,0,45,3.23,0,0.38,0.47
0.18,0,0.0,0.0003876264765858654,7.866666666666666,0.0,120.0,2.5,-1,12,8,0.96,0.98,20,0.2,0.7808913501443201,120,0.9,0.026,21.0,8,6,60,238,0.95,1,720,640,256,True,0.58,0.79,0.938,0.86,0.5,0.65,-0.007672853428373735,20,1,46,2.07,1,0.19,0.55
0.13,1,0.0,0.0,0.0,0.0,240.0,-1.0,8,8,5,0.98,0.98,30,0.2,5.449653831089477,120,0.75,0.019,33.4,8,6,60,238,0.95,1,800,960,256,True,0.65,0.84,0.963,0.76,0.49,0.58,0.0,20,1,47,1.35,0,0.36,0.5
0.17,1,5.816666666666666,0.025632311610711948,0.0,0.125,45.0,2.5,8,-1,10,0.99,0.93,20,0.23,5.701577233678056,120,0.88,0.018,28.7,8,6,20,245,0.9,0,540,960,300,True,0.74,0.89,0.97,0.79,0.56,0.48,-0.1530171775279773,40,0,48,2.52,0,0.34,0.49
0.14,1,11.066666666666666,0.01721583152396811,59.5,0.025,60.0,2.0,-1,-1,5,0.94,0.92,15,0.23,0.7621172735613511,120,0.87,0.084,10.6,8,6,60,250,0.8,1,540,640,600,True,0.56,0.62,0.945,0.83,0.61,0.59,-0.5792254175713494,40,1,49,1.64,1,0.37,0.6
0.23,1,7.25,0.020567085076537393,18.383333333333333,0.025,60.0,2.0,8,8,10,0.97,0.93,20,0.14,0.7734988787830045,120,0.79,0.08,12.7,8,6,50,250,0.9,1,800,960,600,True,0.7,0.78,0.994,0.82,0.55,0.49,-0.34559979079506464,40,0,50,3.19,1,0.36,0.46
